customer_id,customer_name,email,registration_date,customer_type
C001,Janice Sherman,alyssawhite@example.org,2025-12-18,PREMIUM
C002,Stephanie Gonzalez,vbaker@example.org,2024-12-30,PREMIUM
C003,Yolanda Hernandez DVM,rpratt@example.com,2024-07-25,PREMIUM
C004,Brandi Gay,rogersruth@example.net,2025-04-19,PREMIUM
C005,Samantha Pearson,blevine@example.org,2026-03-12,REGULAR
C006,Leslie Rowland,dakotalogan@example.net,2026-01-09,PREMIUM
C007,Michael Duke,anthonybrooks@example.net,2026-03-21,REGULAR
C008,Gary Flores,henry97@example.org,2025-01-01,REGULAR
C009,Kelly Newman,nguyenmichael@example.org,2025-07-31,VIP
C010,Paula Richards,kevinhernandez@example.com,2026-07-06,REGULAR
C011,Crystal Jackson,amanda05@example.net,2025-07-19,VIP
C012,Hannah Stanton,kenneth65@example.com,2026-04-14,REGULAR
C013,Ronnie Gonzalez,jamesgarcia@example.net,2026-06-26,PREMIUM
C014,Donna Davis,obriennicole@example.com,2025-09-21,REGULAR
C015,Alyssa Williams,roserebecca@example.net,2026-05-06,VIP
C016,Brian Mitchell,gphillips@example.net,2026-05-01,PREMIUM
C017,Colin Hutchinson,aaron76@example.org,2024-11-29,PREMIUM
C018,Vincent Kane,hannah64@example.org,2025-03-08,VIP
C019,Ronald Miller,greerpatrick@example.org,2025-12-26,VIP
C020,Catherine Mcpherson,michaellopez@example.org,2025-10-19,REGULAR
C021,Elizabeth Jones,wbush@example.com,2025-02-11,VIP
C022,Jacqueline Sullivan,jodi40@example.org,2025-04-14,PREMIUM
C023,Darrell Williams,jeremiahmassey@example.com,2024-09-22,VIP
C024,Charles Taylor,hillemily@example.com,2025-05-22,REGULAR
C025,Jeffrey Wallace,howardjoanne@example.com,2025-08-11,VIP
C026,Carl Garcia,ethan81@example.net,2024-10-15,PREMIUM
C027,Donald West,deborah10@example.org,2025-03-06,PREMIUM
C028,Daniel Harrison,candacecarrillo@example.org,2025-06-05,PREMIUM
C029,Kristin Marks,zwilliams@example.org,2025-09-09,REGULAR
C030,Cody Thornton,amandasmith@example.org,2026-06-01,PREMIUM
C031,Andrew Rodriguez,ryan20@example.net,2026-01-15,PREMIUM
C032,Paul Cox,lewismelinda@example.org,2025-07-01,REGULAR
C033,Troy Johnson,flowersandrew@example.org,2025-06-01,VIP
C034,Jasmine Hammond,mariagibbs@example.com,2026-07-04,VIP
C035,Brandon Dodson,wjohnson@example.net,2026-04-30,PREMIUM
C036,Daniel Montes,reyesvictoria@example.org,2025-01-17,PREMIUM
C037,Carol Myers,jacksonanne@example.com,2026-06-08,VIP
C038,Bruce Alvarez,andersonbrianna@example.com,2025-04-12,VIP
C039,Teresa Cobb,sosalawrence@example.org,2025-08-29,VIP
C040,Steven Castillo,walkertracy@example.net,2025-11-03,PREMIUM
C041,Dawn Garcia,harristerri@example.com,2025-01-04,REGULAR
C042,Kathleen Gomez,campbelltimothy@example.org,2026-05-26,PREMIUM
C043,Laura Daniels,sanderssarah@example.com,2025-06-19,REGULAR
C044,Dana Sexton,daniel85@example.net,2025-04-04,PREMIUM
C045,Anthony Kim,alicia30@example.org,2025-03-12,VIP
C046,James Cross,peteranderson@example.org,2024-09-06,REGULAR
C047,Victor Flores,qfrench@example.net,2026-06-05,PREMIUM
C048,Angel Benjamin,jacquelinegould@example.net,2026-04-13,PREMIUM
C049,Kenneth Wagner,thomas49@example.com,2026-04-01,REGULAR
C050,Kenneth Coffey,duranrose@example.com,2024-10-26,PREMIUM
C051,David Perez,aandrade@example.org,2026-06-25,PREMIUM
C052,Kristen Richardson,shawn56@example.com,2025-04-04,PREMIUM
C053,Dustin Stephenson,mckinneysarah@example.org,2026-07-05,REGULAR
C054,Matthew Suarez,blairdesiree@example.org,2025-05-27,PREMIUM
C055,Melissa Jordan,rgrant@example.com,2025-09-09,PREMIUM
C056,Theresa Jefferson,whiteglen@example.com,2025-09-04,REGULAR
C057,Carl Burton,newmanbrian@example.net,2026-05-07,VIP
C058,Christopher Richards,kramirez@example.org,2024-11-02,VIP
C059,Julie Bell,velliott@example.com,2024-12-17,REGULAR
C060,Joshua Evans,campospaula@example.net,2026-01-11,VIP
C061,Jessica Schmidt,michaelowen@example.org,2024-10-21,VIP
C062,Peter Blair,arthurwelch@example.com,2025-03-05,VIP
C063,Jennifer Ramos,cynthia73@example.net,2024-07-25,VIP
C064,John Beltran,franciscobowman@example.com,2024-12-29,REGULAR
C065,Holly Huerta,elee@example.org,2024-11-11,VIP
C066,Jason Lara,belindareed@example.com,2025-11-27,PREMIUM
C067,Lisa Kim,kwhite@example.com,2025-05-05,VIP
C068,Amber Sanchez,jefferydrake@example.com,2026-02-25,REGULAR
C069,Frank Bailey,nicole12@example.org,2025-08-16,VIP
C070,Debra Randall,tcook@example.net,2024-11-02,VIP
C071,Samuel Hall,johnsoncharlene@example.net,2024-12-05,VIP
C072,Ryan Contreras,edwardmartin@example.org,2024-08-19,VIP
C073,Denise Knox,collin72@example.com,2026-05-17,PREMIUM
C074,William Smith,james85@example.net,2026-07-04,REGULAR
C075,Theodore Wright Jr.,mmartinez@example.org,2026-04-16,REGULAR
C076,Jose Phelps,derekacosta@example.org,2026-05-05,PREMIUM
C077,Holly Peck,rhodeswilliam@example.net,2026-03-22,REGULAR
C078,Sonya Rivers,yreed@example.net,2026-01-30,PREMIUM
C079,Amy Nelson PhD,carterolivia@example.org,2025-04-29,REGULAR
C080,Rachael Randall,markmurray@example.org,2025-08-01,VIP
C081,Frederick Barnes,brittneymurray@example.net,2024-11-27,REGULAR
C082,James Landry,margaretmoore@example.com,2026-02-20,VIP
C083,Daniel Mitchell,wrightlindsey@example.net,2026-02-12,REGULAR
C084,Charles Lambert,codybrooks@example.net,2026-01-12,VIP
C085,Justin Torres,adrianyork@example.net,2024-11-20,REGULAR
C086,Whitney Berg,derrick80@example.net,2025-03-08,REGULAR
C087,Isaac Mendoza,sharonsmith@example.com,2026-01-01,VIP
C088,Benjamin Mcclain,taylor25@example.org,2026-03-15,REGULAR
C089,Sarah Pratt,vjohnson@example.com,2026-05-18,REGULAR
C090,Lisa Foster,barberdana@example.com,2026-07-03,PREMIUM
C091,Alyssa Hicks,hughesrobert@example.org,2026-05-28,PREMIUM
C092,Jordan Hughes,sbuchanan@example.org,2026-05-29,PREMIUM
C093,Darren Lee,franklinpaul@example.com,2025-06-25,PREMIUM
C094,Derrick Beltran,eclark@example.com,2026-01-31,PREMIUM
C095,Raymond Reed,jameslopez@example.org,2026-02-26,VIP
C096,Nicholas Sanchez,taylor33@example.com,2025-03-28,PREMIUM
C097,Jeremy Pena,ogonzalez@example.com,2024-10-28,VIP
C098,Daniel Hernandez,lauravalencia@example.net,2026-02-18,REGULAR
C099,Brian Huff,jacobortiz@example.org,2025-01-02,PREMIUM
C100,Jason Erickson,mevans@example.org,2025-02-17,VIP
C101,Nicholas Parker,yschultz@example.com,2026-06-05,PREMIUM
C102,Steve Bell,greed@example.org,2026-04-22,REGULAR
C103,Andrew Rodgers,nrichards@example.com,2026-03-27,VIP
C104,Andrew Salas,kennedyedwin@example.com,2024-07-26,REGULAR
C105,Jose Sanchez,curryjacob@example.org,2024-07-25,VIP
C106,Nicole Franklin,kevin04@example.net,2024-12-28,REGULAR
C107,Shelia Smith,joshualyons@example.org,2025-04-23,REGULAR
C108,Carrie Porter,jameswashington@example.com,2024-12-10,REGULAR
C109,Harold Reese,tmiller@example.net,2026-07-03,REGULAR
C110,Emily Gray,xcox@example.net,2024-10-26,VIP
C111,Kenneth Moore,tarabooker@example.net,2026-02-07,VIP
C112,David Daniel,rosariomichelle@example.org,2026-05-16,PREMIUM
C113,Megan Carr,collinspaula@example.org,2026-01-18,REGULAR
C114,Martha Davis,gregory45@example.com,2025-02-03,PREMIUM
C115,Phyllis Hanson,anthonygreen@example.net,2024-09-25,PREMIUM
C116,Sara Holmes,mercerkyle@example.net,2026-03-13,VIP
C117,Clayton Silva,diana20@example.net,2025-06-06,VIP
C118,Erin Wolfe,hclark@example.com,2025-12-18,REGULAR
C119,James Austin,kimmayo@example.net,2025-03-15,REGULAR
C120,Aaron Smith,gillcody@example.net,2024-12-31,PREMIUM
C121,Javier Smith,john46@example.com,2025-07-10,REGULAR
C122,Angela Thornton,revans@example.org,2025-11-13,VIP
C123,Frederick Erickson,nmacias@example.org,2024-10-30,PREMIUM
C124,Cameron Snyder,danielle10@example.net,2026-03-13,VIP
C125,Anna Daugherty,timothymartinez@example.net,2025-10-12,PREMIUM
C126,Kimberly Curtis,daniel96@example.com,2025-04-16,REGULAR
C127,Kenneth Hall,holly22@example.org,2025-07-28,REGULAR
C128,David Kelly,daniel37@example.net,2024-11-29,PREMIUM
C129,Travis Lewis,blewis@example.net,2025-06-26,PREMIUM
C130,Susan Vincent,lopezjames@example.org,2025-04-23,REGULAR
C131,Sergio Gilmore,ghiggins@example.org,2025-02-23,PREMIUM
C132,Mark Johnson,hross@example.net,2025-10-25,VIP
C133,James Walker,myoder@example.org,2025-10-11,PREMIUM
C134,Kristin Smith,hrodriguez@example.net,2024-12-26,REGULAR
C135,Matthew Gordon,jeanettescott@example.org,2024-09-10,REGULAR
C136,Jennifer Ramirez,wayne51@example.net,2025-05-03,REGULAR
C137,Jason Montgomery,nicole79@example.com,2025-06-26,REGULAR
C138,Rick Fitzpatrick,brianmendez@example.org,2024-12-11,VIP
C139,Shawn Mccoy,gailwhite@example.net,2025-12-03,REGULAR
C140,Beth Mcdonald,ntaylor@example.net,2025-01-29,PREMIUM
C141,Lori Blair,nathanielhunt@example.org,2026-04-01,PREMIUM
C142,Autumn Fleming,epope@example.net,2024-11-04,VIP
C143,Jennifer Long,davisseth@example.com,2024-12-09,REGULAR
C144,Mark English,justindavis@example.org,2025-09-06,REGULAR
C145,David Durham,stephenstewart@example.net,2025-04-24,PREMIUM
C146,Susan Pratt,gonzaleswilliam@example.net,2025-03-07,PREMIUM
C147,Lance Perez,michael94@example.net,2025-12-06,VIP
C148,Tammy Bowen,uphillips@example.com,2024-11-11,REGULAR
C149,Crystal Jacobson,awarren@example.net,2026-02-12,PREMIUM
C150,Edward Hill,christopher01@example.net,2024-11-04,REGULAR
C151,Raymond Rivera,jesse31@example.net,2024-09-03,VIP
C152,Sophia Brewer,michelle53@example.net,2025-01-26,PREMIUM
C153,Molly Mccall,reyessteven@example.org,2026-07-05,REGULAR
C154,Amy Edwards,nicolepope@example.org,2024-09-12,VIP
C155,Randy Nguyen,zwood@example.org,2025-11-24,PREMIUM
C156,Emily Bowen,derekbrewer@example.org,2024-07-12,VIP
C157,Jonathan Massey,danielssuzanne@example.org,2024-07-12,PREMIUM
C158,Riley Martin,hunterwatson@example.net,2025-01-12,REGULAR
C159,Natasha Howard,anthony36@example.org,2025-09-01,VIP
C160,Aaron Franklin,tinanewton@example.com,2026-02-07,VIP
C161,Gary Allen,kelseyjackson@example.org,2024-07-08,REGULAR
C162,Julie Jackson,sloaneric@example.org,2026-02-20,REGULAR
C163,Suzanne Andrews,catherinebean@example.net,2025-01-17,PREMIUM
C164,Kimberly Morgan,matthewblack@example.net,2026-01-03,PREMIUM
C165,Matthew Orr,hshaffer@example.com,2025-10-20,PREMIUM
C166,Sandra Wilkinson,matthew06@example.org,2024-12-06,REGULAR
C167,Christina Proctor,justin04@example.org,2024-10-14,REGULAR
C168,Travis Smith,scotteric@example.net,2024-10-24,REGULAR
C169,Keith Kim,jaredmoore@example.com,2025-03-20,PREMIUM
C170,Jennifer Poole,apeterson@example.net,2026-04-28,PREMIUM
C171,Brett Dyer,kristen00@example.net,2026-07-07,VIP
C172,Joy Cannon DVM,llee@example.com,2025-01-17,VIP
C173,Lisa Robinson,mercedes71@example.net,2026-01-03,VIP
C174,Tyler Lee,qmitchell@example.net,2025-07-19,REGULAR
C175,Christopher Wagner,pamelafisher@example.net,2025-01-03,VIP
C176,Jacob Wilson,dana58@example.org,2025-02-05,REGULAR
C177,Cindy Carlson,kennethpowers@example.net,2026-04-21,VIP
C178,Jessica Hoover,kfreeman@example.com,2026-06-01,REGULAR
C179,Deborah Ramirez,oross@example.net,2025-04-02,REGULAR
C180,Amanda Smith,lmosley@example.net,2026-03-30,REGULAR
C181,Jeffery Ross,victoriameyer@example.net,2025-02-06,REGULAR
C182,Jason Stein,travis81@example.org,2026-03-01,REGULAR
C183,Dr. Sean Daniels,dlopez@example.com,2024-09-26,REGULAR
C184,Joanne Perez,phillip34@example.com,2024-11-13,REGULAR
C185,Elijah Vega,hamiltondennis@example.com,2024-08-24,PREMIUM
C186,David Perez,amanda01@example.org,2025-07-15,REGULAR
C187,Mandy Fischer,nathan87@example.com,2025-07-02,PREMIUM
C188,Kerry Hampton,pvalenzuela@example.org,2025-10-30,PREMIUM
C189,Angela Morgan DVM,spencersteven@example.com,2026-03-15,VIP
C190,James Wells,ericabell@example.org,2025-04-15,PREMIUM
C191,Kelly Davidson,derrick87@example.net,2024-12-20,VIP
C192,Laura Bishop,vickie32@example.com,2024-11-15,VIP
C193,Jeffrey Moore,sarah65@example.com,2025-03-07,PREMIUM
C194,John Jones,gbond@example.net,2025-12-05,VIP
C195,Carlos Wilson,yodergregory@example.org,2025-11-28,VIP
C196,Richard Chambers,catherinewilliams@example.com,2025-04-03,VIP
C197,Christian Edwards,jenniferlarson@example.com,2025-08-12,REGULAR
C198,Shelly Carlson,starkcristian@example.net,2025-02-26,VIP
C199,Tammy Cortez,xmorrison@example.com,2025-11-13,REGULAR
C200,Edward Tran,johnsonemily@example.org,2026-03-10,PREMIUM
C201,Alice Rodriguez,douglas75@example.com,2025-03-06,PREMIUM
C202,Leah Weaver,cathy98@example.net,2025-01-24,PREMIUM
C203,Christina Brown,kristincamacho@example.com,2026-01-04,PREMIUM
C204,Debra Campbell,chowe@example.net,2025-03-21,REGULAR
C205,Joseph Sullivan,collinslaura@example.com,2025-03-09,VIP
C206,Erin Stephenson,lkrause@example.org,2024-10-17,VIP
C207,Courtney Jackson,carlos36@example.com,2025-01-28,PREMIUM
C208,Daniel Allen,michael35@example.com,2025-08-07,PREMIUM
C209,Timothy Miller,reginayork@example.net,2024-12-24,REGULAR
C210,Scott Sanchez,christinerivera@example.net,2026-05-19,PREMIUM
C211,Phillip Rice,vaughanbrent@example.com,2026-05-07,VIP
C212,Joseph Dixon,cjimenez@example.org,2025-08-07,REGULAR
C213,Michael Martinez,anthony40@example.org,2024-11-09,REGULAR
C214,Michael Nolan,iparker@example.com,2024-12-08,VIP
C215,Elizabeth Morris,brian44@example.org,2026-04-14,REGULAR
C216,Maria Patterson,lalexander@example.org,2024-10-27,REGULAR
C217,Cody Rodriguez,qmcclain@example.org,2025-10-29,PREMIUM
C218,Michael Butler,pricenancy@example.com,2024-09-23,REGULAR
C219,Cindy Ramos,courtneywilson@example.com,2025-05-22,PREMIUM
C220,Kenneth Norris,patricksmith@example.org,2026-06-14,PREMIUM
C221,Lisa Martinez,jillianbridges@example.org,2025-10-11,VIP
C222,Tammy Beck,joseallen@example.org,2024-12-09,VIP
C223,Cristian Jones,nicole59@example.org,2026-04-30,REGULAR
C224,Joshua Anderson,williamsallison@example.org,2024-08-22,REGULAR
C225,James Walker,shermansamuel@example.com,2025-07-18,VIP
C226,Miss Jessica Elliott,brittany88@example.net,2026-03-10,REGULAR
C227,Gabrielle Simon,jillianduffy@example.org,2025-06-19,PREMIUM
C228,Mary Alexander,jgalvan@example.org,2026-05-07,PREMIUM
C229,Ralph Hanna,christopherweber@example.org,2025-11-21,PREMIUM
C230,Ryan Gordon,ojoseph@example.com,2024-11-11,REGULAR
C231,Elizabeth Randolph,egilbert@example.com,2026-05-22,VIP
C232,Michael Medina,johnsonmia@example.net,2025-09-28,REGULAR
C233,Hannah Wiley,steve87@example.com,2025-11-11,PREMIUM
C234,Meagan Russell,jacksonjeffrey@example.org,2025-12-17,PREMIUM
C235,Michael Green,sheryldavis@example.net,2025-12-29,PREMIUM
C236,Pamela Alexander,christine86@example.com,2025-05-12,PREMIUM
C237,Ashley Mays,larrywarner@example.net,2024-10-06,PREMIUM
C238,Janet David,tonyrobertson@example.org,2025-11-04,REGULAR
C239,Brandon Serrano,charlesknox@example.net,2025-09-28,VIP
C240,Dennis Perez,ohull@example.com,2024-08-17,REGULAR
C241,Sharon Rich,padillajenna@example.com,2024-09-22,VIP
C242,Craig Espinoza,connerbrandon@example.com,2025-06-11,VIP
C243,Adrienne Jones,cristian18@example.org,2025-12-08,PREMIUM
C244,Dr. Wyatt Ortega,ihunt@example.net,2026-05-18,PREMIUM
C245,Tiffany Greer,longjustin@example.org,2025-08-02,REGULAR
C246,Amber Becker,mcgeesamuel@example.net,2026-03-09,VIP
C247,Paul Mccarty,tpierce@example.org,2025-05-19,REGULAR
C248,Kelly Parker,tmontgomery@example.net,2024-10-27,PREMIUM
C249,Marilyn Smith,pramos@example.net,2026-07-04,PREMIUM
C250,Patricia Lopez,christopherlogan@example.org,2025-04-20,VIP
C251,Rachel Webb,ghess@example.org,2025-07-04,PREMIUM
C252,Carlos Burton,pleon@example.org,2024-11-10,REGULAR
C253,Rebecca Walters,efields@example.com,2026-05-07,VIP
C254,Melanie Ward,ybeck@example.org,2024-11-18,PREMIUM
C255,Jasmine Rice,jerrydavis@example.org,2024-12-24,VIP
C256,Erica Morris,roger81@example.com,2025-12-18,REGULAR
C257,Troy Kim,joshua26@example.com,2025-07-05,REGULAR
C258,Christopher Rogers,ashley95@example.org,2025-07-12,VIP
C259,Victoria Mcclure,watersolivia@example.com,2025-05-16,PREMIUM
C260,Daniel Gomez,michael45@example.net,2024-12-30,VIP
C261,Robert Nunez Jr.,mleblanc@example.com,2026-06-08,REGULAR
C262,Adam Kennedy,awelch@example.net,2025-02-15,PREMIUM
C263,Christina Pollard,michaelhawkins@example.com,2025-12-24,PREMIUM
C264,Tanner Rogers,schultzjerome@example.org,2026-04-24,REGULAR
C265,Edward Rogers,vchristian@example.com,2025-07-14,PREMIUM
C266,Marc Rodriguez,sherry75@example.net,2024-08-29,REGULAR
C267,Krista Orr,amystrickland@example.net,2025-04-20,REGULAR
C268,Corey Wright,brandtmiranda@example.org,2024-08-18,REGULAR
C269,Catherine Combs,robert90@example.com,2026-06-30,PREMIUM
C270,Brianna Johnson MD,stefanie01@example.org,2025-12-15,VIP
C271,Dawn Mills,daniel34@example.com,2024-07-25,REGULAR
C272,Howard Spence,olivia00@example.org,2024-10-28,PREMIUM
C273,Timothy Cochran,hughesjeffrey@example.com,2026-03-05,PREMIUM
C274,Charles Cobb,smithangela@example.org,2025-05-03,VIP
C275,Kathleen Oliver,qunderwood@example.com,2026-04-07,REGULAR
C276,Christopher Bryan,ryan42@example.org,2026-04-29,PREMIUM
C277,Angela Merritt,stanleymichelle@example.com,2026-04-18,PREMIUM
C278,Joseph Clark,shester@example.net,2024-09-30,REGULAR
C279,Jennifer Robinson,dscott@example.net,2025-11-23,REGULAR
C280,Destiny Evans,anthonypatterson@example.org,2024-07-12,PREMIUM
C281,Steven Huff,zacharyross@example.org,2025-11-09,VIP
C282,Joel Lopez,bjones@example.net,2024-09-13,VIP
C283,Anthony Scott,richard12@example.net,2025-11-15,REGULAR
C284,Dustin Chandler,ashley32@example.com,2025-11-14,PREMIUM
C285,Peter Collins,craig15@example.com,2026-03-01,PREMIUM
C286,Alisha Montgomery,qshelton@example.org,2024-09-26,REGULAR
C287,William Clarke,ronaldcook@example.net,2025-07-01,REGULAR
C288,Mike Chavez,bradleykaren@example.org,2025-12-02,PREMIUM
C289,Beverly Carrillo,courtney91@example.org,2025-06-14,REGULAR
C290,Lauren Baker,jenkinscarlos@example.com,2026-02-27,VIP
C291,Gary Wise,johnmiller@example.org,2024-07-12,VIP
C292,Sarah Hill,michael62@example.com,2025-04-14,PREMIUM
C293,Ryan Peterson,parkermichaela@example.net,2025-03-25,REGULAR
C294,Dennis Cole,tara86@example.com,2026-03-17,PREMIUM
C295,Paula Ford,john58@example.org,2026-02-28,REGULAR
C296,Michelle Harrison,herrerarobert@example.org,2026-05-09,REGULAR
C297,Michael Payne,rodney93@example.net,2025-08-02,REGULAR
C298,Ryan Watts,harryharrison@example.com,2026-03-05,VIP
C299,Emily Reed,amiranda@example.org,2025-12-14,PREMIUM
C300,Joseph Smith,kristinrojas@example.org,2025-08-11,VIP
C301,Alexis Nguyen,zclark@example.org,2025-09-24,VIP
C302,Dustin Hunter,alanbates@example.com,2025-08-25,PREMIUM
C303,Patrick Webb,rpollard@example.com,2025-06-18,REGULAR
C304,William Greer,william48@example.net,2024-12-27,VIP
C305,Peter Scott,dennismcintosh@example.org,2024-09-30,PREMIUM
C306,Latoya Anderson,abarajas@example.org,2025-11-30,VIP
C307,Rachel Heath,gravesallison@example.net,2026-02-10,VIP
C308,Brent Morse,kathryncabrera@example.org,2024-09-26,REGULAR
C309,Brian Fisher,john59@example.org,2025-06-25,REGULAR
C310,Misty Lee,bensonchelsey@example.org,2025-09-11,REGULAR
C311,Jennifer Bailey,alejandro86@example.com,2024-12-14,PREMIUM
C312,Michael Campbell,rrandolph@example.com,2026-04-23,PREMIUM
C313,Maria Reilly,fmcpherson@example.com,2025-07-11,VIP
C314,George Martin,mcdanieldeborah@example.net,2026-05-28,PREMIUM
C315,Briana Wyatt,wanda02@example.org,2026-05-04,VIP
C316,Sarah Rodgers,uchristensen@example.net,2026-06-08,PREMIUM
C317,Jason Martin,gina54@example.net,2025-05-29,REGULAR
C318,William Warren,collinstimothy@example.net,2024-08-31,PREMIUM
C319,Robert Levy,kennethbernard@example.net,2024-08-12,REGULAR
C320,Pamela Taylor,wongkenneth@example.com,2026-06-03,PREMIUM
C321,Anthony Zimmerman,pjohnson@example.com,2025-09-16,PREMIUM
C322,Jacqueline Smith,qcisneros@example.org,2025-02-11,VIP
C323,Deborah Hicks,marshalljane@example.com,2025-06-17,REGULAR
C324,Carl Herring,pthomas@example.net,2024-09-24,PREMIUM
C325,Catherine Townsend,royperez@example.com,2026-06-28,REGULAR
C326,Matthew Mays,wmejia@example.com,2026-02-06,VIP
C327,William Hernandez,vkennedy@example.com,2026-05-25,VIP
C328,Kelly Rodriguez,vmoon@example.com,2025-03-10,REGULAR
C329,Sharon Cooper,ricky20@example.net,2025-03-20,VIP
C330,Gerald Avila,raychapman@example.org,2024-09-10,REGULAR
C331,Bailey Oconnor,ybeck@example.net,2025-08-15,PREMIUM
C332,Katherine Delacruz,smithbrandy@example.net,2026-03-25,PREMIUM
C333,Mrs. Lauren Vasquez DVM,seanwiley@example.net,2025-11-10,VIP
C334,Lisa Miranda,blackemily@example.org,2025-10-29,VIP
C335,Kenneth Martinez,john27@example.com,2025-02-22,PREMIUM
C336,David Anderson,emoore@example.com,2026-03-30,REGULAR
C337,Mr. Cody Villegas,bradykelly@example.com,2025-08-07,VIP
C338,Michael Allen,sharon28@example.net,2024-10-11,VIP
C339,Tonya Camacho,dgallegos@example.com,2025-05-28,PREMIUM
C340,Samantha Mcknight,jamesortiz@example.org,2025-12-08,REGULAR
C341,Charles Moran,pjones@example.org,2025-12-06,PREMIUM
C342,Heather Burgess,danielsbrandon@example.com,2025-01-18,VIP
C343,Joshua Porter,andrewscassandra@example.org,2025-04-29,VIP
C344,Tony Patel,alexander34@example.net,2024-11-08,REGULAR
C345,Teresa Davila,john79@example.com,2025-10-14,PREMIUM
C346,Valerie Edwards,tammy44@example.net,2026-02-06,REGULAR
C347,Brittany Hunter,elizabeth39@example.org,2025-12-04,VIP
C348,Margaret Moody,masonmichael@example.com,2026-06-24,PREMIUM
C349,Heather Hart,fbradshaw@example.net,2025-02-08,VIP
C350,Christopher Edwards,robert97@example.net,2026-06-30,REGULAR
C351,Christine Brown,devincarroll@example.com,2025-06-23,VIP
C352,Dustin Ross,parkermeyer@example.net,2025-09-03,REGULAR
C353,Ethan Dennis,steinmichelle@example.org,2026-05-23,PREMIUM
C354,Michael Reese,woodwilliam@example.net,2025-09-13,REGULAR
C355,Karen Petersen,juanclark@example.net,2024-12-27,VIP
C356,Richard Scott,mary02@example.com,2025-01-04,REGULAR
C357,Mariah Pham,hhicks@example.org,2025-01-27,PREMIUM
C358,Danielle Stanley,devonwaters@example.net,2025-11-06,PREMIUM
C359,Marc Shields,hartmanjustin@example.org,2025-02-25,VIP
C360,Eric Ortega,christopher46@example.org,2025-10-10,PREMIUM
C361,Wendy Morrow,holmesangela@example.net,2026-05-17,PREMIUM
C362,David Douglas,ttaylor@example.net,2024-10-04,VIP
C363,Sabrina Vasquez,alex33@example.com,2025-10-05,VIP
C364,Robert Escobar,rwilliams@example.org,2024-10-01,REGULAR
C365,John Durham,elaine24@example.org,2025-10-24,VIP
C366,Willie Wilson,jillfields@example.com,2024-11-27,REGULAR
C367,Kevin Lyons,choibriana@example.com,2025-03-08,REGULAR
C368,Shelly Simpson,mrogers@example.org,2024-10-20,REGULAR
C369,Rachel Rodriguez,pereznathan@example.net,2025-04-15,REGULAR
C370,Jill Duffy,claudia94@example.net,2025-11-11,PREMIUM
C371,Steven Smith,gregorykrause@example.org,2026-06-20,REGULAR
C372,Tracy Dean,michaelcooper@example.com,2024-09-22,REGULAR
C373,Nichole Jackson,caseygarrison@example.org,2025-03-31,PREMIUM
C374,Devon Garcia,bradleymelissa@example.org,2025-11-15,REGULAR
C375,Lisa Clark,moorejerry@example.org,2025-05-06,REGULAR
C376,Martin Owen,dbrown@example.net,2024-07-09,VIP
C377,Brandon Williams,emily77@example.com,2024-12-18,VIP
C378,Jose Sanchez,melanielivingston@example.org,2024-10-07,REGULAR
C379,Stephen Conway,lopezjohn@example.org,2024-12-22,PREMIUM
C380,Gregory Morales,sarahreyes@example.org,2024-11-06,REGULAR
C381,Ashlee Price,reedlance@example.org,2026-04-12,REGULAR
C382,Jessica Mora,margaret09@example.net,2025-03-17,REGULAR
C383,Lauren Bell,andrew00@example.org,2025-06-11,PREMIUM
C384,Shannon Smith,andersonsheryl@example.com,2026-02-08,PREMIUM
C385,Katie Smith,derekwilliams@example.org,2025-11-04,REGULAR
C386,David Fisher,madison13@example.org,2024-09-30,VIP
C387,Timothy Baldwin,wandacunningham@example.net,2026-01-15,REGULAR
C388,Tara Warner,pearsonmaureen@example.net,2025-04-17,REGULAR
C389,Deborah Richardson,kimberly92@example.org,2025-06-30,REGULAR
C390,Chad Copeland,shane05@example.com,2024-09-22,PREMIUM
C391,Kevin Hernandez,brooke37@example.com,2024-11-02,PREMIUM
C392,Hannah Johnston,eacevedo@example.org,2024-11-06,REGULAR
C393,David Austin,oball@example.net,2025-12-18,PREMIUM
C394,Melissa Russell,ogonzalez@example.net,2025-11-21,REGULAR
C395,Brandon Velasquez,powelldiana@example.net,2024-08-21,PREMIUM
C396,Robert Patterson,randyyates@example.net,2025-12-27,REGULAR
C397,Shelia Smith,nrivera@example.com,2025-11-17,VIP
C398,Nicholas Walker,ericbrown@example.net,2026-02-01,REGULAR
C399,Elizabeth Keller,wmay@example.org,2024-12-29,REGULAR
C400,Melissa Kline,crystalgay@example.net,2024-09-10,PREMIUM
C401,Jose Rhodes,connieturner@example.net,2025-04-16,PREMIUM
C402,Adrian Trujillo,robinlane@example.org,2026-07-07,VIP
C403,Michael Ochoa,john68@example.org,2026-01-17,PREMIUM
C404,Haley Wade,vasquezshane@example.com,2025-08-10,PREMIUM
C405,Brittney Davidson,katherinenewton@example.net,2026-06-03,PREMIUM
C406,Ana Sanchez,deborah07@example.com,2025-02-25,REGULAR
C407,Sarah Chaney,martha04@example.org,2026-04-01,VIP
C408,Maria Miller,reesejose@example.org,2025-12-01,VIP
C409,Stacey Mcmahon,brian65@example.org,2025-07-28,PREMIUM
C410,Dale Young,lutztimothy@example.org,2025-05-16,REGULAR
C411,Ashley Garner,leon79@example.net,2026-02-05,VIP
C412,Adriana Frederick,janice51@example.net,2025-12-29,PREMIUM
C413,David Robertson,robinsonmatthew@example.org,2025-03-19,PREMIUM
C414,David Rodriguez,benjaminjensen@example.org,2025-01-03,VIP
C415,Brittany Simpson,michelle65@example.org,2025-12-23,PREMIUM
C416,Zachary Gallegos,qlee@example.net,2025-11-03,VIP
C417,Timothy Kennedy,rodriguezrichard@example.com,2025-07-10,VIP
C418,Victoria Davis,joel60@example.org,2025-09-14,REGULAR
C419,Glenn Miller,jaclynmoore@example.com,2025-07-02,REGULAR
C420,Christina Fisher,gary76@example.org,2025-07-05,REGULAR
C421,Sherry Shaw,randall40@example.net,2025-10-24,REGULAR
C422,Eric Brown,maryskinner@example.org,2025-12-14,REGULAR
C423,Kenneth Phillips,kathryn90@example.org,2025-02-25,REGULAR
C424,Angela Perez,fishernicole@example.org,2024-11-28,VIP
C425,Carla Stone MD,katherineharris@example.com,2026-06-19,REGULAR
C426,Michael Moore,jonathan11@example.org,2025-01-20,REGULAR
C427,Frank Williams,whitney43@example.net,2024-08-23,VIP
C428,Bryan Perez,jasoncochran@example.com,2025-11-10,REGULAR
C429,Erin Moore,samanthajohnson@example.com,2024-07-28,REGULAR
C430,James Long,duartebobby@example.net,2025-02-22,PREMIUM
C431,Adam Ramirez,yjohnson@example.com,2025-05-02,REGULAR
C432,James Tucker,paulkirby@example.net,2025-07-10,VIP
C433,Tara Jones,tyler62@example.com,2024-12-21,PREMIUM
C434,Matthew Webster,jonescynthia@example.net,2024-11-25,REGULAR
C435,Matthew Greene,jamesdavidson@example.org,2026-04-03,PREMIUM
C436,Dawn Salazar,winterskeith@example.net,2025-04-27,PREMIUM
C437,John Douglas,reidjohn@example.com,2025-10-05,VIP
C438,Joel David,anitarowland@example.net,2026-01-28,REGULAR
C439,Emma Fletcher,amandahudson@example.com,2024-07-23,REGULAR
C440,Sheila Smith,stephenmoreno@example.org,2026-01-29,VIP
C441,Garrett Gould,jsmith@example.com,2026-05-18,VIP
C442,Debbie Anderson,hicksstephen@example.org,2024-07-29,PREMIUM
C443,Melissa King,awagner@example.com,2025-06-01,PREMIUM
C444,Timothy Brewer,amanda01@example.org,2025-01-11,PREMIUM
C445,Tyler Merritt,jacob67@example.org,2026-01-12,VIP
C446,Ryan Rodriguez,jeanette42@example.net,2026-02-11,PREMIUM
C447,Angel Baird,jason04@example.net,2024-08-19,VIP
C448,Jeff Clark,brandistone@example.net,2026-03-12,VIP
C449,Brooke Burch,alyssa87@example.net,2025-09-18,VIP
C450,Raymond Terrell,justin84@example.org,2025-03-25,PREMIUM
C451,Jamie Morgan,yreid@example.net,2025-11-12,PREMIUM
C452,Matthew Kemp,richard61@example.org,2025-03-14,PREMIUM
C453,Christina Williams,brownkathy@example.net,2025-01-12,PREMIUM
C454,Megan Baker,hunteralexis@example.com,2026-03-09,PREMIUM
C455,James Brown,wscott@example.org,2024-07-09,REGULAR
C456,Dakota Thomas,justinleach@example.com,2025-06-24,VIP
C457,Lisa Mcclain,trivera@example.net,2025-03-24,REGULAR
C458,Christine Le,gabrielle54@example.org,2025-05-25,REGULAR
C459,Brittany Russell,jillhicks@example.net,2026-03-11,REGULAR
C460,Susan Garcia,jeffrey95@example.org,2026-01-21,PREMIUM
C461,Alyssa Foster,jacoblewis@example.com,2024-10-06,PREMIUM
C462,Timothy Carr,umccall@example.org,2026-03-23,PREMIUM
C463,Jesus Garrett,corey23@example.org,2025-07-04,VIP
C464,Joseph Smith,rachel56@example.net,2024-09-03,VIP
C465,Justin Kennedy,randyanderson@example.org,2024-11-05,PREMIUM
C466,Thomas Smith,kingdavid@example.net,2025-06-06,REGULAR
C467,Kimberly Williamson,qcarrillo@example.net,2026-02-02,PREMIUM
C468,Amy Myers,eric31@example.com,2024-10-20,REGULAR
C469,Joshua Hall,angelica16@example.org,2024-08-30,VIP
C470,Susan Moss,brennanalexander@example.org,2025-06-18,VIP
C471,Brian Stewart,alexander84@example.com,2026-01-26,REGULAR
C472,Ricky Lambert,atkinscolton@example.org,2025-01-25,PREMIUM
C473,Joel Brooks,markbryant@example.com,2024-10-17,REGULAR
C474,Cole Smith,kyle65@example.org,2025-02-21,REGULAR
C475,Michael Dennis,gonzalezmelissa@example.net,2026-05-03,VIP
C476,Russell Payne,charlottezamora@example.com,2025-05-08,REGULAR
C477,Patty Lewis,scott87@example.org,2026-03-15,PREMIUM
C478,April Peterson,smithcalvin@example.org,2026-06-23,REGULAR
C479,Brittany Mason,russellblackburn@example.net,2026-06-21,VIP
C480,Mr. Joseph Johnson,tracy67@example.org,2025-01-10,REGULAR
C481,Philip Alvarez,lindaowens@example.org,2025-07-09,REGULAR
C482,Michelle Wilson,smithmelissa@example.com,2025-05-30,VIP
C483,Anna Wells,promero@example.com,2025-05-03,REGULAR
C484,Darren King,mercedesalexander@example.net,2026-05-24,PREMIUM
C485,James Blair,hallglen@example.net,2025-11-15,VIP
C486,Patrick Nelson,shannon10@example.net,2026-03-13,REGULAR
C487,Lori Ray,tatecynthia@example.org,2025-01-22,REGULAR
C488,Yolanda Garrison,guyhaas@example.com,2025-07-28,PREMIUM
C489,Jeremy Armstrong,erin21@example.com,2025-11-21,REGULAR
C490,Jeffrey Powell,ryan29@example.net,2024-07-17,VIP
C491,Jessica Jones,william29@example.net,2026-01-25,REGULAR
C492,Brandi Allen,heathercampbell@example.com,2025-07-04,REGULAR
C493,Debra Barrett,villarrealrandy@example.net,2025-07-26,PREMIUM
C494,Amanda Garcia,lidenise@example.com,2026-04-05,REGULAR
C495,Justin Gilbert,vanessa52@example.org,2026-02-26,PREMIUM
C496,Matthew Finley,samuel27@example.org,2025-02-27,VIP
C497,Tiffany Cole,egonzales@example.net,2025-12-22,PREMIUM
C498,Darrell Garcia,delgadojames@example.net,2025-04-02,VIP
C499,Alexandria Baker,jwilliams@example.com,2026-01-10,REGULAR
C500,John Ruiz,kellybrown@example.com,2026-06-20,REGULAR
C501,Vanessa Bradley,jacobwilson@example.org,2024-12-07,VIP
C502,David Johnson,kkelley@example.com,2024-10-23,PREMIUM
C503,Leslie Anderson,wangstephanie@example.org,2025-10-02,PREMIUM
C504,Renee Bruce,silvasusan@example.com,2026-05-10,REGULAR
C505,Carol Stewart,jennifer13@example.org,2025-03-09,PREMIUM
C506,Monica Ford,jamiereid@example.org,2024-11-20,REGULAR
C507,Michael Maddox,matthew73@example.com,2026-07-04,VIP
C508,Robert Merritt,kempdavid@example.com,2024-10-17,VIP
C509,Nathaniel Lane,mirandawilliam@example.org,2024-09-28,VIP
C510,Ethan Oconnor,karencameron@example.net,2025-08-13,PREMIUM
C511,Elizabeth Skinner,heidi57@example.org,2025-02-14,REGULAR
C512,Steven Simpson,stacie79@example.com,2026-05-05,VIP
C513,Tammy Anderson,zbartlett@example.org,2024-10-24,REGULAR
C514,John Romero,margaretrangel@example.org,2026-04-25,REGULAR
C515,Katie Davidson,gadams@example.net,2025-06-18,VIP
C516,Kimberly Peck,christine01@example.com,2025-12-11,REGULAR
C517,Francisco Shelton,mwalker@example.net,2025-04-12,VIP
C518,Lindsay Tran,amanda79@example.org,2025-10-14,REGULAR
C519,Ryan Jackson,robin84@example.com,2025-08-11,VIP
C520,James Cruz,jordan82@example.com,2025-03-07,PREMIUM
C521,Scott Richardson,jennifer21@example.org,2024-10-19,REGULAR
C522,Eric Hurst,theodore95@example.com,2025-10-14,PREMIUM
C523,Courtney Smith,josephcollins@example.org,2026-05-16,VIP
C524,Jennifer Sanchez,eric99@example.org,2026-04-02,VIP
C525,Duane Ray,vickiyoung@example.com,2025-03-01,PREMIUM
C526,Christopher Perry MD,jacob97@example.net,2026-03-18,PREMIUM
C527,Kim Harrison,matthew07@example.net,2026-06-12,VIP
C528,Michael Barrera,mary72@example.org,2025-01-29,VIP
C529,Michael Huff,daleandrade@example.org,2026-04-20,VIP
C530,Shelby Collins,ashley66@example.net,2025-09-16,REGULAR
C531,Samuel Morris,hannah92@example.net,2024-12-18,REGULAR
C532,Monique Ferguson,catherinecook@example.org,2024-08-04,REGULAR
C533,Crystal Silva,phillipsnicole@example.org,2026-07-03,REGULAR
C534,Katherine Johnston,nelsonmark@example.org,2025-10-20,REGULAR
C535,Joe Gallagher,edgar99@example.com,2025-01-30,PREMIUM
C536,Joshua Brewer,taylormcneil@example.org,2025-02-14,REGULAR
C537,Joseph Mahoney,diane83@example.net,2026-06-22,VIP
C538,Jose Kelly,stacy08@example.com,2024-09-10,REGULAR
C539,David Donaldson,dbowman@example.org,2025-10-02,PREMIUM
C540,Michael Lloyd,pamelacallahan@example.org,2024-08-10,PREMIUM
C541,Sharon Pace,luis25@example.org,2026-06-29,REGULAR
C542,Kathryn Allen,bmccann@example.org,2025-09-01,VIP
C543,Daniel Boone II,aguirrejeremy@example.com,2025-04-25,PREMIUM
C544,Robert Simmons,hernandezangela@example.net,2024-07-09,REGULAR
C545,Brian Mcclure,andreawilliams@example.net,2025-01-25,VIP
C546,Terry Dickerson,melissalynch@example.com,2024-09-01,REGULAR
C547,Erica Martinez,xlynch@example.com,2024-08-15,PREMIUM
C548,Luke Matthews,matthewsanthony@example.net,2025-02-25,REGULAR
C549,Douglas Allen,cgreen@example.net,2025-12-02,REGULAR
C550,Karen Sims,samuel03@example.org,2025-08-16,REGULAR
C551,Luis Reed,velazquezanthony@example.net,2026-03-31,REGULAR
C552,Eric Kelly,gaguilar@example.net,2025-01-05,REGULAR
C553,Donald Cooper,haynesjoseph@example.net,2025-02-10,PREMIUM
C554,Michael Caldwell,ssmith@example.net,2026-01-06,PREMIUM
C555,Mark Price,lisa74@example.net,2025-05-15,VIP
C556,Shelby Miller,jflores@example.org,2026-05-01,PREMIUM
C557,Steven Nguyen,wwall@example.org,2026-04-26,VIP
C558,Sandra Bennett,gonzalessylvia@example.org,2026-03-04,REGULAR
C559,Kenneth Sparks,underwoodlaura@example.org,2024-09-26,REGULAR
C560,Alexis Perez,ttucker@example.org,2026-04-12,REGULAR
C561,Travis Aguilar,jodivillarreal@example.com,2025-03-08,REGULAR
C562,James Bradley,medwards@example.net,2025-01-13,VIP
C563,Jason Davidson,ugates@example.net,2025-07-08,REGULAR
C564,Thomas Johns,ocarney@example.net,2025-01-17,PREMIUM
C565,Mrs. Theresa Leonard,taylorandrews@example.org,2025-12-04,REGULAR
C566,Frank Bailey,pgould@example.net,2025-07-10,VIP
C567,Brandi Harding,robertsbrandon@example.net,2025-06-28,REGULAR
C568,Teresa Brown,alvin96@example.com,2025-08-29,PREMIUM
C569,Mandy Richardson,jarvischristopher@example.net,2025-11-01,PREMIUM
C570,Melissa Chambers,steven47@example.net,2025-08-15,REGULAR
C571,Ms. Mandy Hayes,ann49@example.net,2025-07-02,REGULAR
C572,Madeline Martinez,lwood@example.org,2024-09-08,REGULAR
C573,Ashley Quinn,eric85@example.net,2025-06-11,VIP
C574,Nancy Anderson,weissmariah@example.net,2025-04-05,PREMIUM
C575,Troy Oliver,anthonysmith@example.org,2025-03-02,PREMIUM
C576,Andrew Sims,andersonmichael@example.org,2026-04-24,VIP
C577,Martin Benjamin,icortez@example.net,2026-06-27,PREMIUM
C578,Kevin Gilmore,oneal@example.org,2025-03-31,REGULAR
C579,Hailey Hayes,terry78@example.org,2026-01-20,PREMIUM
C580,Stephen White,edward22@example.net,2025-02-02,PREMIUM
C581,Eric Bullock,zacharyvaughn@example.net,2025-11-07,PREMIUM
C582,Virginia Kim,patricia67@example.com,2025-05-08,PREMIUM
C583,Denise Rodriguez,ohunter@example.org,2026-05-20,REGULAR
C584,Paul Williams,morganryan@example.org,2026-01-19,PREMIUM
C585,James Garrison,cparsons@example.com,2024-07-12,VIP
C586,Christopher Craig,rebecca21@example.org,2025-06-20,REGULAR
C587,Justin Johnson,moorecheryl@example.net,2025-12-14,PREMIUM
C588,Neil Lopez,sharon20@example.org,2026-05-20,PREMIUM
C589,Nicholas Grimes,kelly31@example.com,2026-06-11,REGULAR
C590,Catherine Horton,caseymills@example.com,2025-01-27,VIP
C591,Amy King,kyleharris@example.com,2025-03-30,PREMIUM
C592,Mark Rodriguez,kathy43@example.net,2025-02-20,REGULAR
C593,Danny Owens,valenciajoseph@example.net,2025-10-12,REGULAR
C594,Miss Andrea Arnold,castillojason@example.org,2025-05-30,VIP
C595,Shelia Guzman,zjohnston@example.net,2024-10-25,REGULAR
C596,Dustin Long,whitneygoodman@example.org,2026-06-13,PREMIUM
C597,Michael White,srobinson@example.net,2024-09-04,PREMIUM
C598,Marcus Smith,ycalhoun@example.net,2024-07-09,PREMIUM
C599,Noah Pham,smithgilbert@example.org,2026-02-02,REGULAR
C600,Michael Martinez,paulliu@example.net,2026-01-02,VIP
C601,Rodney Mayo,ashley91@example.net,2025-03-21,VIP
C602,Tammy Hernandez,wjones@example.net,2025-02-04,REGULAR
C603,Travis Moore,nathan24@example.net,2025-03-15,PREMIUM
C604,Troy Mcdaniel,ashley94@example.org,2024-08-28,PREMIUM
C605,Thomas Martinez,robert52@example.com,2025-03-15,REGULAR
C606,Ryan Alexander,peter44@example.org,2024-08-04,REGULAR
C607,Ronnie Graham,donnahale@example.org,2025-03-15,PREMIUM
C608,Sarah Monroe,alexandrareese@example.net,2024-07-08,REGULAR
C609,Larry Flores,garrett93@example.org,2025-06-16,REGULAR
C610,Jim Paul,thomas56@example.net,2025-10-24,REGULAR
C611,Carol Rogers,steven51@example.net,2025-11-21,REGULAR
C612,Christine Johnson,dale31@example.org,2026-06-08,VIP
C613,Steven Johnston,ramirezsherry@example.org,2025-10-01,VIP
C614,Jackie Patton,rgarcia@example.net,2026-03-01,PREMIUM
C615,Diane Chan,cynthia98@example.net,2024-11-03,VIP
C616,Hannah Frye,austin42@example.net,2025-08-01,REGULAR
C617,Bob Hart,wilsonelizabeth@example.com,2025-03-30,REGULAR
C618,David Adkins,qlong@example.net,2025-03-14,VIP
C619,Elizabeth Davis,robertgonzalez@example.net,2025-06-28,PREMIUM
C620,Nathan Mendoza,lisareeves@example.net,2026-06-14,REGULAR
C621,Jacqueline Moore,baileytaylor@example.net,2024-12-30,PREMIUM
C622,Kari Alvarez,jacob64@example.net,2025-12-16,PREMIUM
C623,Seth Mcknight,vasquezkeith@example.com,2026-01-24,REGULAR
C624,Walter Morales,owenscarlos@example.net,2024-11-26,REGULAR
C625,Edward Thornton,karendawson@example.net,2025-11-16,REGULAR
C626,Amanda Smith,fjones@example.org,2024-12-09,REGULAR
C627,Rodney Bender,michael52@example.net,2026-01-07,PREMIUM
C628,Sarah Clark,deborahbaker@example.org,2025-10-14,VIP
C629,David Meyer,megan32@example.com,2025-11-27,VIP
C630,Richard Simpson,jrose@example.net,2025-08-18,PREMIUM
C631,James Mcintyre,gregorychristopher@example.com,2024-10-10,PREMIUM
C632,James Porter,holmesmario@example.org,2025-04-14,PREMIUM
C633,Wendy Gordon,mariamckinney@example.org,2025-09-01,VIP
C634,Leah Hardin,zwhite@example.net,2026-06-13,PREMIUM
C635,Tammy Roman,bsanchez@example.org,2024-11-13,REGULAR
C636,Judith Harvey,darrenmccoy@example.com,2025-12-27,REGULAR
C637,Jeremy Burns,msuarez@example.com,2024-07-19,REGULAR
C638,Anthony Frazier,krobinson@example.com,2025-01-16,VIP
C639,Daniel Nichols,oross@example.net,2025-06-10,PREMIUM
C640,Mary Floyd,mcdonaldchristine@example.net,2025-06-30,PREMIUM
C641,Luis Morales,kevin76@example.org,2025-09-13,PREMIUM
C642,Patricia Hamilton,rwilliams@example.net,2025-05-03,PREMIUM
C643,Donald Taylor,paullewis@example.com,2025-09-30,PREMIUM
C644,Patricia Stephens,connerdaniel@example.com,2025-01-24,REGULAR
C645,Shawn Bauer,jenniferkent@example.com,2025-04-14,VIP
C646,Stephen Lopez,alison75@example.com,2025-12-16,REGULAR
C647,Matthew Solis,gary40@example.org,2025-11-02,PREMIUM
C648,Joel Lambert,patriciarice@example.net,2025-10-22,REGULAR
C649,Patricia Ramirez,gordonronald@example.net,2025-04-25,REGULAR
C650,Peter Smith,cwiggins@example.com,2026-04-15,REGULAR
C651,Tyler Glass,yjensen@example.net,2025-04-13,REGULAR
C652,Mitchell Baker,miguelmoody@example.org,2025-12-12,PREMIUM
C653,Jeremy Juarez,scottchen@example.org,2024-11-06,VIP
C654,Jonathan Moore,ivaldez@example.com,2025-04-19,PREMIUM
C655,Beverly Swanson,gregoryfry@example.org,2024-07-31,REGULAR
C656,Matthew Bennett,johnwilson@example.com,2025-11-04,REGULAR
C657,Michael Keller,sabrina30@example.org,2026-02-28,REGULAR
C658,Sean Ellis,donna35@example.org,2026-03-21,VIP
C659,Gregory Fields,phamcharles@example.net,2026-02-10,REGULAR
C660,Tyler Hall,amberjimenez@example.org,2026-03-26,REGULAR
C661,Julie Collier,rfry@example.net,2024-09-10,VIP
C662,Hannah Blackburn,bryan35@example.net,2025-10-18,REGULAR
C663,Phillip Blake,williamsbryan@example.net,2025-12-10,REGULAR
C664,Daniel Lee,portermelissa@example.com,2024-08-01,PREMIUM
C665,Trevor Zimmerman,bakervanessa@example.org,2025-01-11,VIP
C666,Andrea Duke,amoore@example.net,2024-12-11,PREMIUM
C667,Karen Benson,jason60@example.net,2025-02-05,PREMIUM
C668,Stephen Peterson,jack75@example.org,2026-02-06,VIP
C669,Anna Barnes,sylvia82@example.org,2024-11-30,REGULAR
C670,Brian Griffin,cynthia80@example.com,2024-08-18,PREMIUM
C671,Andrew Riley,brian74@example.com,2026-02-06,VIP
C672,Kristen Taylor,ywalters@example.com,2026-05-13,VIP
C673,Bonnie Campbell,williammendoza@example.com,2025-01-25,VIP
C674,Shelby Norris,kbrooks@example.org,2025-01-22,REGULAR
C675,George Cunningham,josephcaldwell@example.net,2024-09-10,VIP
C676,Susan Boyd,umccormick@example.com,2025-05-21,PREMIUM
C677,Mathew Moore,edward71@example.org,2025-10-05,REGULAR
C678,Edward Rivera,david66@example.net,2024-10-13,PREMIUM
C679,Gregory Gonzales,nicoleporter@example.com,2025-04-13,PREMIUM
C680,Jonathan May,joshua16@example.org,2026-06-08,REGULAR
C681,Dr. Brenda Ochoa,deansamantha@example.com,2026-02-05,REGULAR
C682,Michael Murphy,johnsonstephen@example.net,2025-03-17,PREMIUM
C683,Carl Nelson,jthompson@example.org,2024-10-18,REGULAR
C684,Tara Grimes,joseph66@example.net,2026-03-26,PREMIUM
C685,Holly Griffin,enichols@example.net,2026-04-19,VIP
C686,James Suarez,robert79@example.com,2025-09-21,VIP
C687,James Ferguson,ebonyvalentine@example.com,2025-06-05,REGULAR
C688,James Dawson,rodriguezdiana@example.org,2025-02-08,REGULAR
C689,Patricia Rangel,briangonzales@example.com,2024-08-30,REGULAR
C690,Jonathan Ochoa,matthewjohnson@example.com,2025-08-18,VIP
C691,Lauren Russell,carrollraymond@example.org,2025-05-30,PREMIUM
C692,Kara Miller,gregoryjones@example.org,2025-01-28,VIP
C693,Timothy Grant,dunnvalerie@example.net,2026-06-17,REGULAR
C694,Larry Davis,valerietaylor@example.net,2025-03-16,PREMIUM
C695,Theresa Jackson,chasetaylor@example.org,2024-10-06,VIP
C696,Ryan Patton,ygrant@example.com,2026-04-26,PREMIUM
C697,Jerry Sanchez,angelakelly@example.org,2025-02-14,REGULAR
C698,Reginald Rush,riveraemily@example.org,2026-03-03,REGULAR
C699,Troy Garza,carlospayne@example.org,2024-07-22,REGULAR
C700,Pamela Adams,elizabethyoung@example.net,2026-01-05,VIP
C701,Jeremy Hunt,joseph78@example.net,2024-10-15,REGULAR
C702,Robert Walker,simmonscourtney@example.com,2024-08-09,REGULAR
C703,Paula Mccann,fordandrew@example.com,2026-01-17,REGULAR
C704,Justin Berger,chelseawilkins@example.net,2026-02-25,VIP
C705,Megan Huynh,smeyers@example.net,2026-03-16,VIP
C706,Christopher Spencer,richard02@example.net,2025-12-13,PREMIUM
C707,Jimmy Howard,murraymichael@example.com,2025-02-20,PREMIUM
C708,Maria Rowe,youngnancy@example.com,2026-02-21,PREMIUM
C709,Michael Lester,tony55@example.com,2026-02-25,VIP
C710,Kerri Kaufman,thomaslinda@example.org,2026-02-12,VIP
C711,Cheryl Rhodes,ysandoval@example.com,2025-10-25,PREMIUM
C712,Dillon Fowler,robin88@example.net,2025-09-07,REGULAR
C713,Patrick Thompson,imoore@example.com,2025-01-09,REGULAR
C714,Laura Garrett,amybailey@example.org,2024-11-12,VIP
C715,Joshua Meadows,thill@example.net,2024-11-30,VIP
C716,Carl Cruz,michael16@example.org,2024-11-26,REGULAR
C717,Drew Pierce,hbeck@example.net,2025-07-19,REGULAR
C718,John Williams,sara98@example.com,2026-02-06,PREMIUM
C719,Richard Jackson,andrewarellano@example.org,2024-10-16,PREMIUM
C720,Richard Rhodes,hannahmitchell@example.org,2026-02-05,VIP
C721,Andrew Martin,scott91@example.com,2024-08-18,PREMIUM
C722,Kenneth Stein,pateljamie@example.com,2024-10-08,PREMIUM
C723,Rebecca Jefferson,timothyramos@example.net,2026-06-03,REGULAR
C724,James Jackson,urodriguez@example.org,2025-10-22,PREMIUM
C725,Christopher Gray,melissahamilton@example.com,2024-08-12,PREMIUM
C726,Michael Peterson,thompsonsara@example.org,2026-04-17,REGULAR
C727,Larry Williams,heathermichael@example.org,2024-10-04,VIP
C728,Aaron Hogan,kristi76@example.com,2025-12-24,VIP
C729,Raymond Soto,zclark@example.net,2025-05-02,PREMIUM
C730,Manuel Graham,matthewschristine@example.com,2025-03-12,PREMIUM
C731,Cody Rivera,deckeremily@example.org,2025-05-01,REGULAR
C732,Casey Tucker,jacquelinecollins@example.com,2025-02-27,REGULAR
C733,Joseph Villarreal,lukestanley@example.org,2026-01-09,PREMIUM
C734,Jennifer Turner,anthonyle@example.com,2026-03-05,REGULAR
C735,Michele Holt,edwardsjustin@example.org,2024-11-26,REGULAR
C736,Charles Park,joshuaherrera@example.com,2026-03-04,REGULAR
C737,Edward Deleon,ferrellgrant@example.com,2024-11-06,VIP
C738,Arthur Coffey,jameswheeler@example.net,2025-01-02,REGULAR
C739,Jon Roman,batesdiana@example.com,2024-07-29,VIP
C740,Kathleen Silva,adamhickman@example.com,2024-12-06,REGULAR
C741,Amy York,murraylisa@example.net,2025-07-06,REGULAR
C742,Michael Anderson,michael92@example.com,2026-05-20,REGULAR
C743,Scott Daniels MD,debra50@example.net,2026-05-25,PREMIUM
C744,Heather Horton,apace@example.com,2024-11-05,REGULAR
C745,Larry Griffin,elizabeth11@example.com,2024-11-12,REGULAR
C746,Matthew Ryan,craig58@example.org,2026-04-18,VIP
C747,Christine Collins,slewis@example.com,2025-01-09,REGULAR
C748,David Travis,waltersjessica@example.net,2026-03-01,PREMIUM
C749,Ann Castillo,jimeneztaylor@example.net,2024-10-12,VIP
C750,Anthony Martin,bmann@example.org,2025-07-19,VIP
C751,Matthew Smith,eric97@example.net,2026-05-05,VIP
C752,Mrs. Laura Green PhD,cameronmartin@example.com,2026-02-04,PREMIUM
C753,Patrick Brown,burtonsarah@example.com,2026-04-21,PREMIUM
C754,Edwin Davis,davidhale@example.org,2025-08-28,VIP
C755,Courtney Smith,todd25@example.org,2025-07-31,PREMIUM
C756,Michael Smith,rle@example.com,2025-02-19,VIP
C757,Veronica Brown,keith69@example.com,2025-02-06,REGULAR
C758,Jennifer Wagner,bellshawn@example.net,2025-06-12,PREMIUM
C759,Stephanie Gallagher DDS,luis18@example.net,2026-02-09,VIP
C760,David Wilson,sarah45@example.org,2025-02-02,VIP
C761,Tina Johnson,michael11@example.com,2026-04-10,REGULAR
C762,Mason Sherman,cramsey@example.com,2025-12-24,VIP
C763,Matthew Nelson,wallsrandy@example.org,2026-04-08,PREMIUM
C764,Corey Vargas,fieldsrichard@example.org,2025-10-16,REGULAR
C765,Amber Foster,kennethdouglas@example.net,2025-04-28,VIP
C766,Christine Miller,patrickjones@example.org,2025-09-07,PREMIUM
C767,Michael Cooper,carolyn74@example.com,2024-07-21,REGULAR
C768,Victor Burns,caseyyoder@example.com,2025-02-12,PREMIUM
C769,Courtney Bird,gomeztina@example.org,2025-11-16,PREMIUM
C770,Laura Mccann,shawn94@example.com,2025-10-10,REGULAR
C771,Matthew Ortiz,veronicareed@example.com,2026-05-13,VIP
C772,Angela Marsh,moraleskatherine@example.com,2025-04-11,PREMIUM
C773,Steven Burch,lopezmark@example.net,2025-03-02,REGULAR
C774,Christopher Bell,boydthomas@example.com,2026-01-02,REGULAR
C775,Timothy Brooks,kiddkimberly@example.net,2026-06-29,PREMIUM
C776,Samantha Kennedy,lori06@example.org,2024-08-05,REGULAR
C777,Roger Wilson,robinlam@example.org,2025-05-02,PREMIUM
C778,Kristin Trevino,stephen02@example.org,2024-12-25,VIP
C779,Victoria Li MD,davenportjason@example.org,2024-08-07,PREMIUM
C780,Beth Stokes,jeffreysaunders@example.org,2026-04-08,REGULAR
C781,Dr. Stephen Duarte,ychambers@example.com,2026-01-17,VIP
C782,Sean Travis,popefrederick@example.net,2026-03-01,VIP
C783,Tara Arnold,lopezomar@example.com,2025-04-14,REGULAR
C784,Felicia Strong,rebecca08@example.net,2024-10-27,PREMIUM
C785,Darrell Jackson,shelby82@example.com,2025-06-12,PREMIUM
C786,Mark Boone,gclark@example.com,2024-09-20,VIP
C787,Amanda Wilkins,alexis22@example.com,2026-02-10,VIP
C788,Zachary Smith,bcollins@example.org,2026-04-19,REGULAR
C789,Deborah Gonzales,kelsey02@example.org,2024-08-11,VIP
C790,Susan Mitchell,candice73@example.com,2026-02-07,VIP
C791,Alexander Patton,alan25@example.net,2025-11-07,REGULAR
C792,Angela Pierce,derek32@example.net,2026-02-07,REGULAR
C793,Victoria Martin,bowmanmichelle@example.org,2025-03-28,VIP
C794,Anna Clark DVM,allenmegan@example.org,2024-08-11,VIP
C795,Lisa Rice,jamesfrancis@example.net,2026-01-21,VIP
C796,Paula Wood,wroberson@example.com,2025-12-17,REGULAR
C797,Michael Cox,drakewayne@example.net,2026-06-12,PREMIUM
C798,Tiffany Rivera,mary36@example.net,2024-08-14,VIP
C799,Andrew Montgomery,uedwards@example.net,2026-06-09,REGULAR
C800,Andrew Bennett,robertharrison@example.com,2024-10-26,REGULAR
C801,Michelle Wright,crystalvega@example.org,2026-03-29,VIP
C802,Kristina Myers,smallbrian@example.org,2024-12-21,VIP
C803,Steven Rosales,paul38@example.net,2025-08-13,PREMIUM
C804,Sandra Warner,nancyberg@example.com,2024-11-21,PREMIUM
C805,Crystal Floyd PhD,rblanchard@example.org,2026-05-24,PREMIUM
C806,Tammy Mcdaniel,john46@example.com,2024-07-27,REGULAR
C807,Christopher Hooper,xhart@example.com,2024-08-20,PREMIUM
C808,Frank Robinson,rogersbrandon@example.net,2025-12-03,REGULAR
C809,John Lopez,daviderickson@example.org,2025-08-23,PREMIUM
C810,Anthony Parker,smithalex@example.net,2026-06-23,PREMIUM
C811,Monica Rodriguez,jonesjustin@example.org,2026-01-13,PREMIUM
C812,Shelley Stephens,benjamin91@example.org,2026-05-15,REGULAR
C813,Laura Arnold,rachelparker@example.net,2025-06-27,REGULAR
C814,Dawn Morris,hamiltonjanice@example.net,2024-07-27,VIP
C815,Maria Hahn,ryanpaige@example.org,2026-04-12,REGULAR
C816,Krystal Collins,ramirezlisa@example.net,2025-11-09,VIP
C817,Taylor Morrison,jcarr@example.com,2025-12-07,PREMIUM
C818,Joel Bradley,arnoldtaylor@example.com,2024-12-05,VIP
C819,Ronald Perry,sandrapowell@example.net,2024-07-20,PREMIUM
C820,Bryan Moyer,todd82@example.com,2025-11-28,PREMIUM
C821,Jennifer Bell,dcaldwell@example.net,2025-11-08,VIP
C822,Allison Obrien,uhodge@example.com,2025-12-17,REGULAR
C823,Rebecca Lawrence MD,imaldonado@example.net,2025-05-24,REGULAR
C824,Jasmine Jones,xweber@example.org,2026-01-31,PREMIUM
C825,Marcia Jordan,ashley71@example.org,2025-07-03,VIP
C826,Stephen Boyd,charlene85@example.org,2026-04-03,REGULAR
C827,Anthony Williams,christinasullivan@example.net,2025-03-09,PREMIUM
C828,Kyle Sullivan,jrogers@example.net,2025-06-04,VIP
C829,Chad Cooke,ryanjesse@example.com,2026-04-08,PREMIUM
C830,Louis Lewis,fcarter@example.com,2024-12-19,REGULAR
C831,Kristin Davis,mcdonaldnicole@example.net,2025-06-18,PREMIUM
C832,Stephanie Coleman,terribradley@example.org,2026-05-04,REGULAR
C833,Hunter Fields,xthompson@example.org,2026-04-28,VIP
C834,Brenda Glover,amandalee@example.com,2026-02-19,PREMIUM
C835,Elizabeth Rodriguez,tsullivan@example.com,2024-08-05,VIP
C836,Betty Barnes,mendozaapril@example.net,2025-01-07,VIP
C837,Robert Jordan,steven35@example.org,2025-02-03,PREMIUM
C838,Ms. Tammie Woods DVM,megancooke@example.net,2025-03-09,VIP
C839,Catherine Thomas,stephaniegonzalez@example.net,2026-04-14,VIP
C840,Maria David,kgood@example.com,2026-06-01,REGULAR
C841,Scott Jackson,russell36@example.org,2025-12-10,PREMIUM
C842,Phillip Davis,brivera@example.org,2026-05-31,VIP
C843,Emily Parks,howardmary@example.net,2025-07-28,VIP
C844,Nicholas Cooper,holdergavin@example.org,2024-10-02,REGULAR
C845,Regina Russell,mccormickjulia@example.org,2024-10-22,PREMIUM
C846,Alicia Moore,ybarrett@example.com,2025-09-06,REGULAR
C847,Sherri Best,taylorrobert@example.org,2024-08-19,PREMIUM
C848,Melissa Morales,briannamcdonald@example.com,2025-04-08,VIP
C849,Scott Cook,amy45@example.com,2026-04-05,VIP
C850,Wesley Leach,dayelizabeth@example.net,2024-12-04,PREMIUM
C851,Timothy Brown,leedavid@example.org,2025-04-11,VIP
C852,Alan Farmer,connielogan@example.com,2026-02-01,VIP
C853,Jennifer Smith,wrightmelanie@example.net,2025-09-24,VIP
C854,Kevin Davis,parsonssteven@example.org,2024-09-13,REGULAR
C855,Brett Hood,griffinjacob@example.org,2025-07-04,REGULAR
C856,Amy Henderson,morrischristine@example.net,2024-08-28,PREMIUM
C857,Adam Yang,qfernandez@example.net,2024-09-10,REGULAR
C858,James Li,christopher91@example.net,2025-03-21,PREMIUM
C859,Elijah Cooley,jbullock@example.net,2025-01-14,REGULAR
C860,Anthony Smith,gserrano@example.com,2025-02-05,PREMIUM
C861,Thomas Johnson,warcher@example.com,2024-09-06,REGULAR
C862,John Kaiser,moraleskyle@example.net,2024-12-09,VIP
C863,Julie Allen,alec85@example.net,2025-07-27,PREMIUM
C864,Debra Lewis,curtiskristin@example.org,2026-02-25,REGULAR
C865,Dr. Nicole Henderson,oshaffer@example.net,2025-02-09,REGULAR
C866,Brenda Stewart,gordonfrank@example.com,2025-12-08,REGULAR
C867,Ms. Patricia Zhang,wlutz@example.net,2024-11-12,VIP
C868,Maria Lopez,barbarajackson@example.com,2024-11-17,REGULAR
C869,Nancy Miller,sandra59@example.org,2025-04-27,VIP
C870,Alan Mejia,xanderson@example.org,2024-09-08,REGULAR
C871,Jessica Avery,michael09@example.org,2025-09-17,VIP
C872,James Torres,emmathomas@example.com,2025-08-19,REGULAR
C873,Joshua Bryant,jeffreytapia@example.com,2024-07-13,PREMIUM
C874,Tara Smith,mpage@example.org,2026-05-13,VIP
C875,Jeffrey Love,lhouston@example.org,2026-01-18,PREMIUM
C876,Miss Laura Anderson,owensrobert@example.net,2024-12-21,VIP
C877,Steven Humphrey,apitts@example.com,2025-08-06,REGULAR
C878,Colin Daniels,qreeves@example.net,2026-03-01,REGULAR
C879,Michael Chavez,kevin44@example.com,2026-03-13,VIP
C880,Lisa Mullins,brownbrandon@example.net,2024-09-05,REGULAR
C881,Vanessa Smith,campbellsamuel@example.net,2026-04-22,REGULAR
C882,Tamara Gomez,hbrown@example.net,2024-11-07,VIP
C883,David Walters,whitneyyesenia@example.net,2024-11-14,PREMIUM
C884,Frank Cook,sarasmith@example.com,2025-04-19,REGULAR
C885,Brandon Grant,lscott@example.org,2025-04-24,REGULAR
C886,Douglas Morrison,josewilliams@example.org,2024-09-17,VIP
C887,Jonathan Wallace,alicia07@example.com,2025-03-03,PREMIUM
C888,Erin Johnson,cathyrodriguez@example.org,2025-08-15,REGULAR
C889,Mark Bowen,taylorclark@example.org,2025-12-06,REGULAR
C890,Meredith Sharp,robertford@example.net,2025-12-07,VIP
C891,Alexander Martin,turnerjennifer@example.com,2024-10-05,VIP
C892,Randall Wilson,elliottchad@example.net,2026-03-30,REGULAR
C893,David Barker,karenduncan@example.net,2024-10-20,VIP
C894,Troy Robinson,megan74@example.org,2024-10-06,VIP
C895,Louis Yates,benjaminwu@example.org,2025-07-08,REGULAR
C896,Emily Scott,ijohnston@example.com,2026-06-23,REGULAR
C897,Robert Tyler,donald51@example.org,2025-03-25,VIP
C898,Christina Alvarez,matthewkeller@example.net,2025-08-01,REGULAR
C899,Daniel Bowers,vsantiago@example.net,2025-03-07,VIP
C900,Thomas Henry,kaitlyn00@example.com,2024-10-22,PREMIUM
C901,Julie Reid,collinslaura@example.org,2025-02-08,VIP
C902,Tammy Hernandez,courtney27@example.com,2024-07-13,REGULAR
C903,Kristen Webster,qthomas@example.com,2025-10-13,PREMIUM
C904,Katie Heath,wilkinsonthomas@example.org,2024-09-10,VIP
C905,Jacob Martinez,colinayers@example.net,2025-02-05,VIP
C906,Kimberly Mccarty,jmorrison@example.com,2025-10-18,REGULAR
C907,Matthew Rogers,heidicarr@example.com,2025-03-07,VIP
C908,Christopher Mccarthy,ramirezchristine@example.com,2024-07-31,PREMIUM
C909,Sherry Brooks,xturner@example.net,2024-08-21,VIP
C910,Sean Moore,sarah61@example.net,2024-08-14,REGULAR
C911,Christina Baker,wturner@example.net,2025-08-02,REGULAR
C912,Maureen Taylor,tiffanyburgess@example.com,2025-07-06,PREMIUM
C913,Latoya Meyers,xjones@example.net,2025-09-28,VIP
C914,Anthony Sanders MD,pamela97@example.com,2024-12-13,VIP
C915,Rachel Schneider,maryingram@example.org,2026-02-24,PREMIUM
C916,Christy Lee,james33@example.net,2026-01-22,VIP
C917,Kevin Acosta,matthew66@example.com,2026-03-31,PREMIUM
C918,Melissa Gregory,nruiz@example.org,2025-12-01,VIP
C919,Christina Davis,blaircorey@example.net,2024-12-21,PREMIUM
C920,Connie Johnson,ryan23@example.com,2024-07-16,VIP
C921,Julian Potter,benjaminwalls@example.net,2025-01-21,PREMIUM
C922,Emily Vincent,trichardson@example.net,2026-03-03,VIP
C923,Mr. Darrell Greene,gwhite@example.org,2026-06-30,VIP
C924,Jodi Spencer,barnesgary@example.net,2025-06-12,VIP
C925,Anthony Garrett,scottrussell@example.org,2025-05-11,PREMIUM
C926,Stacy Bates,david13@example.com,2025-07-01,PREMIUM
C927,Jay Henry,smithdaniel@example.org,2025-01-01,PREMIUM
C928,Samantha Henderson,gregorysullivan@example.org,2024-10-06,VIP
C929,Eric Marks,lopezbeverly@example.net,2024-08-16,REGULAR
C930,Arthur Rhodes,obrienchristopher@example.org,2025-08-05,VIP
C931,Dr. Christopher Davis,erika39@example.com,2025-07-29,VIP
C932,Jaime Perkins,haguilar@example.org,2026-03-02,VIP
C933,Willie Gonzalez,larry51@example.net,2025-01-08,PREMIUM
C934,David Bolton,priscilla26@example.net,2025-11-06,REGULAR
C935,Cynthia Valdez,scolon@example.org,2025-07-12,PREMIUM
C936,Denise Camacho,icampbell@example.com,2026-02-04,REGULAR
C937,Brett Thompson,robert80@example.org,2025-10-24,PREMIUM
C938,Michael Owen,simmonsjoseph@example.net,2026-02-01,REGULAR
C939,Megan Kirby,tinahunt@example.com,2025-03-01,PREMIUM
C940,Donald King,jonesbrenda@example.org,2025-12-03,VIP
C941,Nicholas Myers,jameshaley@example.org,2024-09-12,PREMIUM
C942,John Bonilla,letyler@example.org,2025-01-04,PREMIUM
C943,Curtis Hernandez,brandonreynolds@example.net,2026-04-17,PREMIUM
C944,Sandra Roy,gshepard@example.net,2025-10-02,PREMIUM
C945,Sherry Gordon,nray@example.org,2026-03-04,REGULAR
C946,Nicholas Bailey,pamlane@example.com,2024-12-30,VIP
C947,Cody Williams,xavierhawkins@example.com,2026-04-05,PREMIUM
C948,Sheila Johnson,lauraroman@example.com,2024-11-16,VIP
C949,Austin Smith,framirez@example.net,2025-04-12,VIP
C950,Daniel Knox,nschneider@example.org,2025-01-19,VIP
C951,Caitlin Alvarez,shannon96@example.net,2024-11-26,PREMIUM
C952,Christopher Myers,carpentergloria@example.com,2026-04-23,VIP
C953,Philip Chandler,clarkcynthia@example.com,2025-01-17,VIP
C954,Kimberly Byrd,zmartin@example.net,2026-04-16,REGULAR
C955,Jamie Horn,vdonaldson@example.net,2025-11-08,PREMIUM
C956,Michael Spencer,rachel96@example.org,2026-04-10,PREMIUM
C957,Stephen Gould,bfrazier@example.org,2025-12-17,PREMIUM
C958,Megan Rhodes,delgadojennifer@example.org,2025-03-07,PREMIUM
C959,David Jones,jacobslisa@example.org,2025-04-23,PREMIUM
C960,Deborah Maxwell,ihess@example.com,2026-04-21,PREMIUM
C961,Gabrielle Mitchell,garciajessica@example.com,2025-05-12,REGULAR
C962,Sabrina Malone,storres@example.com,2026-04-23,VIP
C963,Carla Conrad,christinashaw@example.net,2025-01-06,PREMIUM
C964,Dawn Johnson,opalmer@example.net,2026-05-05,REGULAR
C965,Erin Woods,cody74@example.net,2024-09-19,VIP
C966,Katrina French,hugheserica@example.com,2025-04-12,PREMIUM
C967,Dan Bolton,lori98@example.org,2026-05-21,VIP
C968,Gregory Brown,ricky88@example.com,2026-01-10,REGULAR
C969,Ray Hooper,gmason@example.org,2025-10-15,REGULAR
C970,Sherry Perry,davidblack@example.net,2025-10-18,PREMIUM
C971,Anna Cardenas,thorntoncourtney@example.com,2024-09-13,PREMIUM
C972,Brandy Cannon,epotter@example.org,2025-01-26,VIP
C973,Michael Oconnor,francesthornton@example.com,2026-05-25,PREMIUM
C974,Yolanda Evans,vyoung@example.com,2025-08-14,PREMIUM
C975,Michael Barry,fordkim@example.org,2025-07-08,REGULAR
C976,Samantha Campbell,diazphillip@example.com,2024-07-13,VIP
C977,Debra Allison MD,brownbrooke@example.net,2025-06-03,REGULAR
C978,David Taylor,pkerr@example.org,2025-09-14,PREMIUM
C979,Edward Lee,mistycarney@example.net,2025-07-23,PREMIUM
C980,Jeffery Mason,blanchardethan@example.com,2025-08-20,REGULAR
C981,John Garcia,chadwashington@example.net,2025-12-04,VIP
C982,Erin Jones,alexandra08@example.com,2025-09-08,PREMIUM
C983,Tonya Roberts,michaeljohnson@example.com,2025-06-12,PREMIUM
C984,Elizabeth Huang,burnswillie@example.com,2025-05-18,VIP
C985,Haley Burch,rebecca57@example.org,2026-06-04,VIP
C986,Lorraine Patterson,christopher74@example.net,2024-09-25,REGULAR
C987,Lauren Roman,wayne95@example.org,2025-10-26,PREMIUM
C988,Brenda Dickson,ijohnson@example.org,2025-02-03,PREMIUM
C989,Claire Coleman,cmiller@example.com,2026-05-27,VIP
C990,Michelle Thomas,lisa05@example.net,2024-08-12,VIP
C991,Tracy Roach,gardnernichole@example.net,2025-01-13,REGULAR
C992,Laura Peterson,kentashley@example.net,2025-02-04,REGULAR
C993,Brittney English MD,tkline@example.org,2024-08-15,PREMIUM
C994,Bryan Williams,russelljacob@example.org,2024-12-14,PREMIUM
C995,Krystal Ross,raymegan@example.org,2024-11-12,REGULAR
C996,Krista Vargas,garciajulie@example.org,2025-03-02,REGULAR
C997,Joanna Whitehead,kathrynmorris@example.org,2025-07-10,REGULAR
C998,Zachary Hayes,melindamatthews@example.net,2026-05-17,VIP
C999,Dennis Ross,jeremiah56@example.com,2025-04-19,REGULAR
C1000,Andrew Clark,carterelizabeth@example.org,2025-11-28,REGULAR
